[
  {
    "question_key": "fixed_vs_absolute_v1_v15",
    "question_text": "In the given code what should replace the blank to make the element fixed, regardless of scrolling.",
    "question_type": "FIB_HTML_CODING",
    "short_text": "",
    "content_type": "MARKDOWN",
    "question_id": "b66fadb1-1e35-46e5-94db-6579bd103c04",
    "skills": [],
    "difficulty": "EASY",
    "tag_names": [
      "Fixed vs Absolute Positioning",
      "fixed_vs_absolute_v1",
      "ANALYZE",
      "CSS Positioning",
      "understanding_fixed_vs_absolute"
    ],
    "cpp_python_time_factor": 0,
    "order_no": 100,
    "question_asked_by_companies_info": [],
    "remarks": "",
    "scores_updated": false,
    "scores_computed": 0,
    "solution": [
      {
        "language": "HTML",
        "code_blocks": [
          {
            "code": "<!DOCTYPE html>",
            "block_type": "DEFAULT",
            "start_line_number": 1,
            "order": 1
          },
          {
            "code": "<html>",
            "block_type": "DEFAULT",
            "start_line_number": 2,
            "order": 2
          },
          {
            "code": "  <head>",
            "block_type": "DEFAULT",
            "start_line_number": 3,
            "order": 3
          },
          {
            "code": "  </head>",
            "block_type": "DEFAULT",
            "start_line_number": 4,
            "order": 4
          },
          {
            "code": "  <body>",
            "block_type": "DEFAULT",
            "start_line_number": 5,
            "order": 5
          },
          {
            "code": "    <div class=\"fixed-element\">This element should stay fixed on scroll.</div>",
            "block_type": "DEFAULT",
            "start_line_number": 6,
            "order": 6
          },
          {
            "code": "  </body>",
            "block_type": "DEFAULT",
            "start_line_number": 7,
            "order": 7
          },
          {
            "code": "</html>",
            "block_type": "DEFAULT",
            "start_line_number": 8,
            "order": 8
          }
        ]
      },
      {
        "language": "CSS",
        "code_blocks": [
          {
            "code": ".fixed-element {",
            "block_type": "DEFAULT",
            "start_line_number": 1,
            "order": 1
          },
          {
            "code": "  position: <InlineBlank>fixed</InlineBlank>;",
            "block_type": "INLINE_BLANK",
            "start_line_number": 2,
            "order": 2
          },
          {
            "code": "}",
            "block_type": "DEFAULT",
            "start_line_number": 3,
            "order": 3
          }
        ]
      },
      {
        "language": "JAVASCRIPT",
        "code_blocks": []
      }
    ],
    "fib_html_coding": [
      {
        "language": "HTML",
        "code_blocks": [
          {
            "code": "<!DOCTYPE html>",
            "block_type": "DEFAULT",
            "start_line_number": 1,
            "order": 1
          },
          {
            "code": "<html>",
            "block_type": "DEFAULT",
            "start_line_number": 2,
            "order": 2
          },
          {
            "code": "  <head>",
            "block_type": "DEFAULT",
            "start_line_number": 3,
            "order": 3
          },
          {
            "code": "  </head>",
            "block_type": "DEFAULT",
            "start_line_number": 4,
            "order": 4
          },
          {
            "code": "  <body>",
            "block_type": "DEFAULT",
            "start_line_number": 5,
            "order": 5
          },
          {
            "code": "    <div class=\"fixed-element\">This element should stay fixed on scroll.</div>",
            "block_type": "DEFAULT",
            "start_line_number": 6,
            "order": 6
          },
          {
            "code": "  </body>",
            "block_type": "DEFAULT",
            "start_line_number": 7,
            "order": 7
          },
          {
            "code": "</html>",
            "block_type": "DEFAULT",
            "start_line_number": 8,
            "order": 8
          }
        ]
      },
      {
        "language": "CSS",
        "code_blocks": [
          {
            "code": ".fixed-element {",
            "block_type": "DEFAULT",
            "start_line_number": 1,
            "order": 1
          },
          {
            "code": "  position: <InlineBlank>&&&</InlineBlank>;",
            "block_type": "INLINE_BLANK",
            "start_line_number": 2,
            "order": 2
          },
          {
            "code": "}",
            "block_type": "DEFAULT",
            "start_line_number": 3,
            "order": 3
          }
        ]
      },
      {
        "language": "JAVASCRIPT",
        "code_blocks": []
      }
    ],
    "test_cases": [
      {
        "id": "4dcac151-4a58-4b7a-8178-c37ddbe80c7a",
        "display_text": "Page should consist of a div element with fixed positioning.",
        "criteria": "assert.isAbove($('#htmlPreview').find('.fixed-element').toArray().filter(( element, index )=>$(element).css('position')=== 'fixed').length, 0);",
        "weightage": 5,
        "testcase_evaluation_type": "CLIENT_SIDE_EVALUATION",
        "order": 1,
        "reason_for_failure": null
      }
    ]
  },
  {
    "question_key": "fixed_vs_absolute_v1_v16",
    "question_text": "Fill in the blank in the given code that should replace the blank to make the element move with its positioned ancestor on scroll.",
    "question_type": "FIB_HTML_CODING",
    "short_text": "",
    "content_type": "MARKDOWN",
    "question_id": "5622a4f9-dbc5-4d44-8d7c-2a88701449f4",
    "skills": [],
    "difficulty": "EASY",
    "tag_names": [
      "Fixed vs Absolute Positioning",
      "fixed_vs_absolute_v1",
      "ANALYZE",
      "CSS Positioning",
      "understanding_fixed_vs_absolute"
    ],
    "cpp_python_time_factor": 0,
    "order_no": 100,
    "question_asked_by_companies_info": [],
    "remarks": "",
    "scores_updated": false,
    "scores_computed": 0,
    "solution": [
      {
        "language": "HTML",
        "code_blocks": [
          {
            "code": "<!DOCTYPE html>",
            "block_type": "DEFAULT",
            "start_line_number": 1,
            "order": 1
          },
          {
            "code": "<html>",
            "block_type": "DEFAULT",
            "start_line_number": 2,
            "order": 2
          },
          {
            "code": "  <head>",
            "block_type": "DEFAULT",
            "start_line_number": 3,
            "order": 3
          },
          {
            "code": "  </head>  ",
            "block_type": "DEFAULT",
            "start_line_number": 4,
            "order": 4
          },
          {
            "code": "  <body>  ",
            "block_type": "DEFAULT",
            "start_line_number": 5,
            "order": 5
          },
          {
            "code": "    <div class=\"move-with-ancestor\">This element should move with its positioned ancestor.</div>",
            "block_type": "DEFAULT",
            "start_line_number": 6,
            "order": 6
          },
          {
            "code": "  </body>",
            "block_type": "DEFAULT",
            "start_line_number": 7,
            "order": 7
          },
          {
            "code": "</html>",
            "block_type": "DEFAULT",
            "start_line_number": 8,
            "order": 8
          }
        ]
      },
      {
        "language": "CSS",
        "code_blocks": [
          {
            "code": ".move-with-ancestor {",
            "block_type": "DEFAULT",
            "start_line_number": 1,
            "order": 1
          },
          {
            "code": "  position: <InlineBlank>absolute</InlineBlank>;",
            "block_type": "INLINE_BLANK",
            "start_line_number": 2,
            "order": 2
          },
          {
            "code": "}",
            "block_type": "DEFAULT",
            "start_line_number": 3,
            "order": 3
          }
        ]
      },
      {
        "language": "JAVASCRIPT",
        "code_blocks": []
      }
    ],
    "fib_html_coding": [
      {
        "language": "HTML",
        "code_blocks": [
          {
            "code": "<!DOCTYPE html> ",
            "block_type": "DEFAULT",
            "start_line_number": 1,
            "order": 1
          },
          {
            "code": "<html>",
            "block_type": "DEFAULT",
            "start_line_number": 2,
            "order": 2
          },
          {
            "code": "  <head>",
            "block_type": "DEFAULT",
            "start_line_number": 3,
            "order": 3
          },
          {
            "code": "  </head>",
            "block_type": "DEFAULT",
            "start_line_number": 4,
            "order": 4
          },
          {
            "code": "  <body>",
            "block_type": "DEFAULT",
            "start_line_number": 5,
            "order": 5
          },
          {
            "code": "    <div class=\"move-with-ancestor\">This element should move with its positioned ancestor.</div>",
            "block_type": "DEFAULT",
            "start_line_number": 6,
            "order": 6
          },
          {
            "code": "  </body>",
            "block_type": "DEFAULT",
            "start_line_number": 7,
            "order": 7
          },
          {
            "code": "</html>",
            "block_type": "DEFAULT",
            "start_line_number": 8,
            "order": 8
          }
        ]
      },
      {
        "language": "CSS",
        "code_blocks": [
          {
            "code": ".move-with-ancestor {",
            "block_type": "DEFAULT",
            "start_line_number": 1,
            "order": 1
          },
          {
            "code": "  position: <InlineBlank>&&&</InlineBlank>;",
            "block_type": "INLINE_BLANK",
            "start_line_number": 2,
            "order": 2
          },
          {
            "code": "}",
            "block_type": "DEFAULT",
            "start_line_number": 3,
            "order": 3
          }
        ]
      },
      {
        "language": "JAVASCRIPT",
        "code_blocks": []
      }
    ],
    "test_cases": [
      {
        "id": "1951bcec-f633-4c5c-a3c8-8adfd025bdc4",
        "display_text": "Page should consist of a div element with absolute positioning.",
        "criteria": "assert.isAbove($('#htmlPreview').find('.move-with-ancestor').toArray().filter(( element, index )=>$(element).css('position')=== 'absolute').length, 0);",
        "weightage": 5,
        "testcase_evaluation_type": "CLIENT_SIDE_EVALUATION",
        "order": 1,
        "reason_for_failure": null
      }
    ]
  },
  {
    "question_key": "z_index_values_v1_v15",
    "question_text": "In the given code what should replace the blank to correctly apply a z-index value to the element.",
    "question_type": "FIB_HTML_CODING",
    "short_text": "",
    "content_type": "MARKDOWN",
    "question_id": "b379af59-d444-435d-bfa7-91776da0503f",
    "skills": [],
    "difficulty": "EASY",
    "tag_names": [
      "UNDERSTAND",
      "z_index_values_v1",
      "CSS Positioning",
      "Z-Index",
      "understanding_z_index_integers"
    ],
    "cpp_python_time_factor": 0,
    "order_no": 100,
    "question_asked_by_companies_info": [],
    "remarks": "",
    "scores_updated": false,
    "scores_computed": 0,
    "solution": [
      {
        "language": "HTML",
        "code_blocks": [
          {
            "code": "<!DOCTYPE html>",
            "block_type": "DEFAULT",
            "start_line_number": 1,
            "order": 1
          },
          {
            "code": "<html>",
            "block_type": "DEFAULT",
            "start_line_number": 2,
            "order": 2
          },
          {
            "code": "  <head>",
            "block_type": "DEFAULT",
            "start_line_number": 3,
            "order": 3
          },
          {
            "code": "  </head>",
            "block_type": "DEFAULT",
            "start_line_number": 4,
            "order": 4
          },
          {
            "code": "  <body>",
            "block_type": "DEFAULT",
            "start_line_number": 5,
            "order": 5
          },
          {
            "code": "    <div class=\"on-top\">I should be on top!</div>",
            "block_type": "DEFAULT",
            "start_line_number": 6,
            "order": 6
          },
          {
            "code": "  </body>",
            "block_type": "DEFAULT",
            "start_line_number": 7,
            "order": 7
          },
          {
            "code": "</html>",
            "block_type": "DEFAULT",
            "start_line_number": 8,
            "order": 8
          }
        ]
      },
      {
        "language": "CSS",
        "code_blocks": [
          {
            "code": ".on-top {",
            "block_type": "DEFAULT",
            "start_line_number": 1,
            "order": 1
          },
          {
            "code": "  position: relative;",
            "block_type": "DEFAULT",
            "start_line_number": 2,
            "order": 2
          },
          {
            "code": "  <InlineBlank>z-index</InlineBlank>: 10;",
            "block_type": "INLINE_BLANK",
            "start_line_number": 3,
            "order": 3
          },
          {
            "code": "}",
            "block_type": "DEFAULT",
            "start_line_number": 4,
            "order": 4
          }
        ]
      },
      {
        "language": "JAVASCRIPT",
        "code_blocks": []
      }
    ],
    "fib_html_coding": [
      {
        "language": "HTML",
        "code_blocks": [
          {
            "code": "<!DOCTYPE html> ",
            "block_type": "DEFAULT",
            "start_line_number": 1,
            "order": 1
          },
          {
            "code": "<html>",
            "block_type": "DEFAULT",
            "start_line_number": 2,
            "order": 2
          },
          {
            "code": "  <head>  ",
            "block_type": "DEFAULT",
            "start_line_number": 3,
            "order": 3
          },
          {
            "code": "  </head>",
            "block_type": "DEFAULT",
            "start_line_number": 4,
            "order": 4
          },
          {
            "code": "  <body>",
            "block_type": "DEFAULT",
            "start_line_number": 5,
            "order": 5
          },
          {
            "code": "    <div class=\"on-top\">I should be on top!</div>",
            "block_type": "DEFAULT",
            "start_line_number": 6,
            "order": 6
          },
          {
            "code": "  </body>",
            "block_type": "DEFAULT",
            "start_line_number": 7,
            "order": 7
          },
          {
            "code": "</html>",
            "block_type": "DEFAULT",
            "start_line_number": 8,
            "order": 8
          }
        ]
      },
      {
        "language": "CSS",
        "code_blocks": [
          {
            "code": ".on-top {",
            "block_type": "DEFAULT",
            "start_line_number": 1,
            "order": 1
          },
          {
            "code": "  position: relative; ",
            "block_type": "DEFAULT",
            "start_line_number": 2,
            "order": 2
          },
          {
            "code": "  <InlineBlank>&&&</InlineBlank>: 10;",
            "block_type": "INLINE_BLANK",
            "start_line_number": 3,
            "order": 3
          },
          {
            "code": "}",
            "block_type": "DEFAULT",
            "start_line_number": 4,
            "order": 4
          }
        ]
      },
      {
        "language": "JAVASCRIPT",
        "code_blocks": []
      }
    ],
    "test_cases": [
      {
        "id": "47228d7e-8a5d-4a11-bec7-3448776263a5",
        "display_text": "The element with class \"on-top\" should appear above other elements.",
        "criteria": "assert.isAbove($('#htmlPreview').find('.on-top').toArray().filter(( element, index )=>$(element).css('z-index')=== '10').length, 0);",
        "weightage": 5,
        "testcase_evaluation_type": "CLIENT_SIDE_EVALUATION",
        "order": 1,
        "reason_for_failure": null
      }
    ]
  }
]