[
  {
    "question_key": "fixed_vs_absolute_v1_v6",
    "skills": [],
    "toughness": "EASY",
    "question_type": "CODE_ANALYSIS_MULTIPLE_CHOICE",
    "explanation_for_answer": {
      "content": "Fixed positioned elements like '#fixedElement' remain fixed relative to the viewport and don't move when scrolling, while absolutely positioned elements like '#absoluteElement' move with their positioned ancestor when scrolling.",
      "content_type": "MARKDOWN"
    },
    "question_text": "Given the code snippet, which statement correctly describes the behavior of the `fixedElement` and `absoluteElement` on page scroll?",
    "multimedia": [],
    "content_type": "MARKDOWN",
    "tag_names": [
      "Fixed vs Absolute Positioning",
      "fixed_vs_absolute_v1",
      "ANALYZE",
      "CSS Positioning",
      "understanding_fixed_vs_absolute"
    ],
    "input_output": [
      {
        "input": "",
        "question_id": "3f1a27e8-3e9d-41e5-a848-cd6627a722f8",
        "wrong_answers": [
          "'fixedElement' moves with the scrolling of the page, while '#absoluteElement' remains fixed.",
          "Both 'fixedElement' and 'absoluteElement' remain fixed relative to the viewport.",
          "Both 'fixedElement' and 'absoluteElement' move with their parent elements."
        ],
        "output": [
          "'fixedElement' remains in the same position relative to the viewport, while 'absoluteElement' moves with its positioned ancestor."
        ]
      }
    ],
    "code_metadata": [
      {
        "is_editable": false,
        "language": "CSS",
        "code_data": "#fixedElement {\n  position: fixed;\n  top: 10px;\n}\n#absoluteElement {\n  position: absolute;\n  top: 10px;\n}",
        "default_code": true
      }
    ]
  },
  {
    "question_key": "fixed_vs_absolute_v1_v7",
    "skills": [],
    "toughness": "EASY",
    "question_type": "CODE_ANALYSIS_MULTIPLE_CHOICE",
    "explanation_for_answer": {
      "content": "When the user scrolls, '#fixedElement' will maintain its position relative to the viewport due to its fixed positioning, while '#absoluteElement' will move with its positioned ancestor.",
      "content_type": "MARKDOWN"
    },
    "question_text": "Inspect the given code snippet. Which element will maintain its position on the screen when the user scrolls?",
    "multimedia": [],
    "content_type": "MARKDOWN",
    "tag_names": [
      "Fixed vs Absolute Positioning",
      "fixed_vs_absolute_v1",
      "ANALYZE",
      "CSS Positioning",
      "understanding_fixed_vs_absolute"
    ],
    "input_output": [
      {
        "input": "",
        "question_id": "0e7af338-c37e-4aa0-a279-edf03891b8f6",
        "wrong_answers": [
          "'absoluteElement'",
          "Both elements will maintain their position",
          "Neither element will maintain its position"
        ],
        "output": [
          "'fixedElement'"
        ]
      }
    ],
    "code_metadata": [
      {
        "is_editable": false,
        "language": "CSS",
        "code_data": "#fixedElement {\n  position: fixed;\n  top: 0;\n}\n#absoluteElement {\n  position: absolute;\n  top: 0;\n}",
        "default_code": true
      }
    ]
  },
  {
    "question_key": "fixed_vs_absolute_v1_v8",
    "skills": [],
    "toughness": "EASY",
    "question_type": "CODE_ANALYSIS_MULTIPLE_CHOICE",
    "explanation_for_answer": {
      "content": "While '#fixedElement' will remain fixed relative to the viewport, '#absoluteElement' will move with its positioned ancestor when the user scrolls down the page.",
      "content_type": "MARKDOWN"
    },
    "question_text": "Analyze the given code snippet. If the user scrolls down the page, which element's position will change?",
    "multimedia": [],
    "content_type": "MARKDOWN",
    "tag_names": [
      "Fixed vs Absolute Positioning",
      "fixed_vs_absolute_v1",
      "ANALYZE",
      "CSS Positioning",
      "understanding_fixed_vs_absolute"
    ],
    "input_output": [
      {
        "input": "",
        "question_id": "8aa9a7bd-8bbb-4958-bf0e-dca679667dc5",
        "wrong_answers": [
          "'fixedElement'",
          "Both elements will change position",
          "Neither element will change position"
        ],
        "output": [
          "'absoluteElement'"
        ]
      }
    ],
    "code_metadata": [
      {
        "is_editable": false,
        "language": "CSS",
        "code_data": "#fixedElement {\n  position: fixed;\n  bottom: 20px;\n}\n#absoluteElement {\n  position: absolute;\n  bottom: 20px;\n}",
        "default_code": true
      }
    ]
  },
  {
    "question_key": "fixed_vs_absolute_v1_v9",
    "skills": [],
    "toughness": "EASY",
    "question_type": "CODE_ANALYSIS_MULTIPLE_CHOICE",
    "explanation_for_answer": {
      "content": "'#fixedElement' is positioned fixed relative to the viewport and will not move when the page is scrolled, unlike '#absoluteElement' which will move with its positioned ancestor.",
      "content_type": "MARKDOWN"
    },
    "question_text": "According to the given code snippet, which element will not move with the scrolling of the page?",
    "multimedia": [],
    "content_type": "MARKDOWN",
    "tag_names": [
      "Fixed vs Absolute Positioning",
      "fixed_vs_absolute_v1",
      "ANALYZE",
      "CSS Positioning",
      "understanding_fixed_vs_absolute"
    ],
    "input_output": [
      {
        "input": "",
        "question_id": "2e0a72a8-6613-4ea8-9b10-110e3f05c637",
        "wrong_answers": [
          "'absoluteElement'",
          "Both elements will not move",
          "Both elements will move"
        ],
        "output": [
          "'fixedElement'"
        ]
      }
    ],
    "code_metadata": [
      {
        "is_editable": false,
        "language": "CSS",
        "code_data": "#fixedElement {\n  position: fixed;\n  left: 10px;\n}\n#absoluteElement {\n  position: absolute;\n  left: 10px;\n}",
        "default_code": true
      }
    ]
  },
  {
    "question_key": "fixed_vs_absolute_v1_v10",
    "skills": [],
    "toughness": "EASY",
    "question_type": "CODE_ANALYSIS_MULTIPLE_CHOICE",
    "explanation_for_answer": {
      "content": "'#fixedElement' will stay fixed to the viewport and will not move upon page scroll, whereas '#absoluteElement' will move with the scrolling of its positioned ancestor.",
      "content_type": "MARKDOWN"
    },
    "question_text": "Given the code, which element's position is unaffected by scrolling the page?",
    "multimedia": [],
    "content_type": "MARKDOWN",
    "tag_names": [
      "Fixed vs Absolute Positioning",
      "fixed_vs_absolute_v1",
      "ANALYZE",
      "CSS Positioning",
      "understanding_fixed_vs_absolute"
    ],
    "input_output": [
      {
        "input": "",
        "question_id": "8e53f90f-0ca6-487c-8a3d-43b60dd5a23e",
        "wrong_answers": [
          "'absoluteElement'",
          "Both elements are unaffected",
          "Both elements are affected"
        ],
        "output": [
          "'fixedElement'"
        ]
      }
    ],
    "code_metadata": [
      {
        "is_editable": false,
        "language": "CSS",
        "code_data": "#fixedElement {\n  position: fixed;\n  right: 0;\n}\n#absoluteElement {\n  position: absolute;\n  right: 0;\n}",
        "default_code": true
      }
    ]
  },
  {
    "question_key": "fixed_vs_absolute_v1_v11",
    "question_id": "140a1ebc-6bf4-4f28-a55c-2fca882de8cc",
    "question_text": "What CSS property value ensures that the `box-fixed` element remains fixed relative to the viewport and doesn't move when scrolling?",
    "multimedia": [],
    "skills": [],
    "toughness": "EASY",
    "reference": "",
    "question_type": "CODE_ANALYSIS_TEXTUAL",
    "tag_names": [
      "Fixed vs Absolute Positioning",
      "fixed_vs_absolute_v1",
      "ANALYZE",
      "CSS Positioning",
      "understanding_fixed_vs_absolute"
    ],
    "content_type": "MARKDOWN",
    "input_output": [
      {
        "input": "",
        "output": [
          "fixed"
        ]
      }
    ],
    "code_metadata": [
      {
        "is_editable": false,
        "language": "CSS",
        "code_data": ".box-fixed {\n  position: fixed;\n  top: 10px;\n  right: 10px;\n}",
        "default_code": true
      }
    ],
    "explanation_for_answer": {
      "content": "The `position: fixed;` property ensures that the element remains fixed relative to the viewport and doesn't move when scrolling.",
      "content_type": "MARKDOWN"
    }
  },
  {
    "question_key": "fixed_vs_absolute_v1_v12",
    "question_id": "61a40527-9089-4987-907a-56de941d4f47",
    "question_text": "What CSS property value is responsible for the `box-absolute` element's position changing when the user scrolls the page?",
    "multimedia": [],
    "skills": [],
    "toughness": "EASY",
    "reference": "",
    "question_type": "CODE_ANALYSIS_TEXTUAL",
    "tag_names": [
      "Fixed vs Absolute Positioning",
      "fixed_vs_absolute_v1",
      "ANALYZE",
      "CSS Positioning",
      "understanding_fixed_vs_absolute"
    ],
    "content_type": "MARKDOWN",
    "input_output": [
      {
        "input": "",
        "output": [
          "absolute"
        ]
      }
    ],
    "code_metadata": [
      {
        "is_editable": false,
        "language": "CSS",
        "code_data": ".box-absolute {\n  position: absolute;\n  bottom: 20px;\n  left: 20px;\n}",
        "default_code": true
      }
    ],
    "explanation_for_answer": {
      "content": "The `absolute` property value is responsible for the element's position changing when the user scrolls the page, as it moves with its positioned ancestor.",
      "content_type": "MARKDOWN"
    }
  },
  {
    "question_key": "fixed_vs_absolute_v1_v13",
    "question_id": "701b0e9c-30c0-461b-b417-15abfaa9f3a5",
    "question_text": "What CSS property value is responsible for the `box-absolute` element's position changing when the user scrolls the page?",
    "multimedia": [],
    "skills": [],
    "toughness": "EASY",
    "reference": "",
    "question_type": "CODE_ANALYSIS_TEXTUAL",
    "tag_names": [
      "Fixed vs Absolute Positioning",
      "fixed_vs_absolute_v1",
      "ANALYZE",
      "CSS Positioning",
      "understanding_fixed_vs_absolute"
    ],
    "content_type": "MARKDOWN",
    "input_output": [
      {
        "input": "",
        "output": [
          "absolute"
        ]
      }
    ],
    "code_metadata": [
      {
        "is_editable": false,
        "language": "CSS",
        "code_data": ".container-relative {\n  position: relative;\n}\n.box-absolute {\n  position: absolute;\n  top: 0;\n  left: 0;\n}",
        "default_code": true
      }
    ],
    "explanation_for_answer": {
      "content": "The `absolute` property value is responsible for the element's position changing when the user scrolls the page, as it moves with its positioned ancestor.",
      "content_type": "MARKDOWN"
    }
  },
  {
    "question_key": "fixed_vs_absolute_v1_v14",
    "question_id": "2900559c-95ee-4dd3-af4d-e995dded5c9d",
    "question_text": "According to the given code, what CSS property is responsible for the behavior of `box-fixed` in relation to the viewport when the user scrolls down the page?",
    "multimedia": [],
    "skills": [],
    "toughness": "EASY",
    "reference": "",
    "question_type": "CODE_ANALYSIS_TEXTUAL",
    "tag_names": [
      "Fixed vs Absolute Positioning",
      "fixed_vs_absolute_v1",
      "ANALYZE",
      "CSS Positioning",
      "understanding_fixed_vs_absolute"
    ],
    "content_type": "MARKDOWN",
    "input_output": [
      {
        "input": "",
        "output": [
          "position"
        ]
      }
    ],
    "code_metadata": [
      {
        "is_editable": false,
        "language": "CSS",
        "code_data": ".box-fixed {\n  position: fixed;\n  bottom: 0;\n  left: 0;\n}",
        "default_code": true
      }
    ],
    "explanation_for_answer": {
      "content": "The `position: fixed;` property is responsible for the behavior of `box-fixed` in relation to the viewport when the user scrolls down the page.",
      "content_type": "MARKDOWN"
    }
  },
  {
    "question_key": "z_index_values_v1_v6",
    "skills": [],
    "toughness": "EASY",
    "question_type": "CODE_ANALYSIS_MULTIPLE_CHOICE",
    "explanation_for_answer": {
      "content": "Z-index determines the vertical stacking order of elements. Element X with the highest z-index value of 2 will be displayed on top of the others.",
      "content_type": "MARKDOWN"
    },
    "question_text": "Examine the given code snippet. Which element will be displayed on top of the others based on their z-index values?",
    "multimedia": [],
    "content_type": "MARKDOWN",
    "tag_names": [
      "UNDERSTAND",
      "z_index_values_v1",
      "CSS Positioning",
      "Z-Index",
      "understanding_z_index_integers"
    ],
    "input_output": [
      {
        "input": "",
        "question_id": "1a4792b5-10e2-4c9e-b8a5-a2bf33db6d2e",
        "wrong_answers": [
          "Element Y will be displayed on top of Element X and Element Z",
          "Element Z will be displayed on top of Element X and Element Y",
          "All elements will have the same stacking order"
        ],
        "output": [
          "Element X will be displayed on top of Element Y and Element Z"
        ]
      }
    ],
    "code_metadata": [
      {
        "is_editable": false,
        "language": "CSS",
        "code_data": ".element-x {\n  position: relative;\n  z-index: 2;\n}\n.element-y {\n  position: relative;\n  z-index: -1;\n}\n.element-z {\n  position: relative;\n  z-index: auto;\n}",
        "default_code": true
      }
    ]
  },
  {
    "question_key": "z_index_values_v1_v7",
    "skills": [],
    "toughness": "EASY",
    "question_type": "CODE_ANALYSIS_MULTIPLE_CHOICE",
    "explanation_for_answer": {
      "content": "Z-index determines the vertical stacking order of elements. Box 3 with the lowest z-index value of -2 will be displayed at the bottom.",
      "content_type": "MARKDOWN"
    },
    "question_text": "Analyze the code snippet. If all elements overlap, which one will be displayed at the bottom?",
    "multimedia": [],
    "content_type": "MARKDOWN",
    "tag_names": [
      "UNDERSTAND",
      "z_index_values_v1",
      "CSS Positioning",
      "Z-Index",
      "understanding_z_index_integers"
    ],
    "input_output": [
      {
        "input": "",
        "question_id": "463beb74-be12-4184-aede-7b14b45467f4",
        "wrong_answers": [
          "box 1",
          "box 2",
          "All boxes will be at the same level"
        ],
        "output": [
          "box 3"
        ]
      }
    ],
    "code_metadata": [
      {
        "is_editable": false,
        "language": "CSS",
        "code_data": ".box1 {\n  position: fixed;\n  z-index: 1;\n}\n.box2 {\n  position: fixed;\n  z-index: 0;\n}\n.box3 {\n  position: fixed;\n  z-index: -2;\n}",
        "default_code": true
      }
    ]
  },
  {
    "question_key": "z_index_values_v1_v9",
    "skills": [],
    "toughness": "EASY",
    "question_type": "CODE_ANALYSIS_MULTIPLE_CHOICE",
    "explanation_for_answer": {
      "content": "Z-index determines the vertical stacking order of elements. The element with a z-index value of 1 (Top Layer) will be visible on top of the element with a z-index value of -1 (Bottom Layer).",
      "content_type": "MARKDOWN"
    },
    "question_text": "Given the code, which element will be visible when elements with z-index values of 1 and -1 overlap?",
    "multimedia": [],
    "content_type": "MARKDOWN",
    "tag_names": [
      "UNDERSTAND",
      "z_index_values_v1",
      "CSS Positioning",
      "Z-Index",
      "understanding_z_index_integers"
    ],
    "input_output": [
      {
        "input": "",
        "question_id": "b52a44c0-72fd-400c-9dbf-69a91eb93053",
        "wrong_answers": [
          "bottom Layer",
          "Both layers will be equally visible",
          "Neither layer will be visible"
        ],
        "output": [
          "top Layer"
        ]
      }
    ],
    "code_metadata": [
      {
        "is_editable": false,
        "language": "CSS",
        "code_data": ".top-layer {\n  position: absolute;\n  z-index: 1;\n}\n.bottom-layer {\n  position: absolute;\n  z-index: -1;\n}",
        "default_code": true
      }
    ]
  },
  {
    "question_key": "z_index_values_v1_v10",
    "question_id": "0ff8940c-8362-4c9d-9fc0-bf992d0878ec",
    "question_text": "Inspect the given CSS code. Which element will appear on top when rendered in a browser?",
    "multimedia": [],
    "skills": [],
    "toughness": "EASY",
    "reference": "",
    "question_type": "CODE_ANALYSIS_TEXTUAL",
    "tag_names": [
      "UNDERSTAND",
      "z_index_values_v1",
      "CSS Positioning",
      "Z-Index",
      "understanding_z_index_integers"
    ],
    "content_type": "MARKDOWN",
    "input_output": [
      {
        "input": "",
        "output": [
          "box2"
        ]
      }
    ],
    "code_metadata": [
      {
        "is_editable": false,
        "language": "CSS",
        "code_data": ".box1 {\n  position: absolute;\n  z-index: 3;\n}\n.box2 {\n  position: absolute;\n  z-index: 5;\n}\n.box3 {\n  position: absolute;\n  z-index: 2;\n}",
        "default_code": true
      }
    ],
    "explanation_for_answer": {
      "content": "In the given CSS code, .box2 has the highest z-index value of 5, which means it will appear on top of .box1 and .box3, which have lower z-index values.",
      "content_type": "MARKDOWN"
    }
  },
  {
    "question_key": "z_index_values_v1_v11",
    "question_id": "fac234cf-d748-4ce3-9ee1-39836d320cd7",
    "question_text": "Given the CSS code, which element's content will be displayed at the bottom of the stacking order?",
    "multimedia": [],
    "skills": [],
    "toughness": "EASY",
    "reference": "",
    "question_type": "CODE_ANALYSIS_TEXTUAL",
    "tag_names": [
      "UNDERSTAND",
      "z_index_values_v1",
      "CSS Positioning",
      "Z-Index",
      "understanding_z_index_integers"
    ],
    "content_type": "MARKDOWN",
    "input_output": [
      {
        "input": "",
        "output": [
          "footer"
        ]
      }
    ],
    "code_metadata": [
      {
        "is_editable": false,
        "language": "CSS",
        "code_data": ".header {\n  position: relative;\n  z-index: 10;\n}\n.footer {\n  position: relative;\n  z-index: 1;\n}\n.main-content {\n  position: relative;\n  z-index: 5;\n}",
        "default_code": true
      }
    ],
    "explanation_for_answer": {
      "content": "The .footer element has the lowest z-index value of 1, which places it at the bottom of the stacking order compared to the .header and .main-content which have higher z-index values.",
      "content_type": "MARKDOWN"
    }
  },
  {
    "question_key": "z_index_values_v1_v12",
    "question_id": "d268a48d-8f98-4195-9bef-52f8d5208d83",
    "question_text": "Analyze the given CSS code. If all elements overlap, which one will be visible on the very top?",
    "multimedia": [],
    "skills": [],
    "toughness": "EASY",
    "reference": "",
    "question_type": "CODE_ANALYSIS_TEXTUAL",
    "tag_names": [
      "UNDERSTAND",
      "z_index_values_v1",
      "CSS Positioning",
      "Z-Index",
      "understanding_z_index_integers"
    ],
    "content_type": "MARKDOWN",
    "input_output": [
      {
        "input": "",
        "output": [
          "tooltip"
        ]
      }
    ],
    "code_metadata": [
      {
        "is_editable": false,
        "language": "CSS",
        "code_data": ".modal-backdrop {\n  position: fixed;\n  z-index: 1000;\n}\n.dropdown-menu {\n  position: absolute;\n  z-index: 900;\n}\n.tooltip {\n  position: absolute;\n  z-index: 1100;\n}",
        "default_code": true
      }
    ],
    "explanation_for_answer": {
      "content": "The .tooltip element has the highest z-index value of 1100, which means it will cover the .modal-backdrop and .dropdown-menu in the stacking order when they overlap.",
      "content_type": "MARKDOWN"
    }
  },
  {
    "question_key": "z_index_values_v1_v13",
    "question_id": "e0da9c65-6254-4b51-acc6-a5a47139f906",
    "question_text": "According to the given CSS code, which element will be covered by all others in the stacking context?",
    "multimedia": [],
    "skills": [],
    "toughness": "EASY",
    "reference": "",
    "question_type": "CODE_ANALYSIS_TEXTUAL",
    "tag_names": [
      "UNDERSTAND",
      "z_index_values_v1",
      "CSS Positioning",
      "Z-Index",
      "understanding_z_index_integers"
    ],
    "content_type": "MARKDOWN",
    "input_output": [
      {
        "input": "",
        "output": [
          "background"
        ]
      }
    ],
    "code_metadata": [
      {
        "is_editable": false,
        "language": "CSS",
        "code_data": ".background {\n  position: fixed;\n  z-index: -1;\n}\n.content {\n  position: fixed;\n  z-index: 0;\n}\n.overlay {\n  position: fixed;\n  z-index: 1;\n}",
        "default_code": true
      }
    ],
    "explanation_for_answer": {
      "content": "The .background element has a negative z-index value of -1, which places it below all other elements with non-negative z-index values in the stacking context.",
      "content_type": "MARKDOWN"
    }
  },
  {
    "question_key": "z_index_values_v1_v14",
    "question_id": "dd501cf9-0c77-4418-96db-b568add50685",
    "question_text": "Analyze the given CSS code. Which element will be stacked directly above the element with a `z-index` of `auto`?",
    "multimedia": [],
    "skills": [],
    "toughness": "EASY",
    "reference": "",
    "question_type": "CODE_ANALYSIS_TEXTUAL",
    "tag_names": [
      "UNDERSTAND",
      "z_index_values_v1",
      "CSS Positioning",
      "Z-Index",
      "understanding_z_index_integers"
    ],
    "content_type": "MARKDOWN",
    "input_output": [
      {
        "input": "",
        "output": [
          "banner"
        ]
      }
    ],
    "code_metadata": [
      {
        "is_editable": false,
        "language": "CSS",
        "code_data": ".nav {\n  position: relative;\n  z-index: auto;\n}\n.banner {\n  position: relative;\n  z-index: 1;\n}",
        "default_code": true
      }
    ],
    "explanation_for_answer": {
      "content": "The .banner element has a z-index value of 0, which is above the 'auto' value of the .nav element in the stacking order.",
      "content_type": "MARKDOWN"
    }
  },
  {
    "question_key": "understanding_z-index_auto_v1_v8",
    "question_id": "82c2de35-51ae-4e95-bee0-62a839e44404",
    "question_text": "Inspect the given CSS code. what would be the default value of z-index of the element which is not explicitly defined?",
    "multimedia": [],
    "skills": [],
    "toughness": "EASY",
    "reference": "",
    "question_type": "CODE_ANALYSIS_TEXTUAL",
    "tag_names": [
      "z-index",
      "CSS Positioning",
      "understanding_z-index_auto_v1",
      "REMEMBERING",
      "understanding_z-index_auto"
    ],
    "content_type": "MARKDOWN",
    "input_output": [
      {
        "input": "",
        "output": [
          "auto"
        ]
      }
    ],
    "code_metadata": [
      {
        "is_editable": false,
        "language": "CSS",
        "code_data": ".box {\n  position: relative;\n}",
        "default_code": true
      }
    ],
    "explanation_for_answer": {
      "content": "By default, the stacking order of positioned elements with no explicit z-index value is 'auto', which means the order is determined by the position of the element in the HTML document.",
      "content_type": "MARKDOWN"
    }
  }
]