[
  {
    "question_id": "c78e17c1-8e8e-47dc-80c9-bdf5b6b5cc3b",
    "question_key": "fixed_vs_absolute_v1",
    "skills": [],
    "toughness": "EASY",
    "question_type": "MULTIPLE_CHOICE",
    "question": {
      "content": "What distinguishes fixed positioning from absolute positioning in terms of element behavior on scroll?",
      "content_type": "MARKDOWN",
      "tag_names": [
        "Fixed vs Absolute Positioning",
        "fixed_vs_absolute_v1",
        "ANALYZE",
        "CSS Positioning",
        "understanding_fixed_vs_absolute"
      ],
      "multimedia": []
    },
    "options": [
      {
        "content": "Fixed elements stay fixed to viewport while absolute elements move with their positioned ancestor",
        "content_type": "MARKDOWN",
        "is_correct": true,
        "multimedia": []
      },
      {
        "content": "Fixed elements move with page while absolute elements stay fixed",
        "content_type": "MARKDOWN",
        "is_correct": false,
        "multimedia": []
      },
      {
        "content": "Both fixed and absolute elements stay fixed to viewport",
        "content_type": "MARKDOWN",
        "is_correct": false,
        "multimedia": []
      },
      {
        "content": "Both fixed and absolute elements move with their parent elements",
        "content_type": "MARKDOWN",
        "is_correct": false,
        "multimedia": []
      }
    ],
    "explanation_for_answer": {
      "content": "Fixed positioned elements remain fixed relative to the viewport and don't move when scrolling, while absolutely positioned elements move with their positioned ancestor when scrolling.",
      "content_type": "MARKDOWN"
    }
  },
  {
    "question_id": "3a4a0efc-e0eb-4ad1-92a8-2f94889dca59",
    "question_key": "fixed_vs_absolute_v1_v1",
    "skills": [],
    "toughness": "EASY",
    "question_type": "MULTIPLE_CHOICE",
    "question": {
      "content": "How does scrolling affect the position of an element with fixed positioning compared to one with absolute positioning?",
      "content_type": "MARKDOWN",
      "tag_names": [
        "Fixed vs Absolute Positioning",
        "fixed_vs_absolute_v1",
        "ANALYZE",
        "CSS Positioning",
        "understanding_fixed_vs_absolute"
      ],
      "multimedia": []
    },
    "options": [
      {
        "content": "An element with fixed positioning does not move with scrolling, unlike an element with absolute positioning.",
        "content_type": "MARKDOWN",
        "is_correct": true,
        "multimedia": []
      },
      {
        "content": "An element with absolute positioning does not move with scrolling, unlike an element with fixed positioning.",
        "content_type": "MARKDOWN",
        "is_correct": false,
        "multimedia": []
      },
      {
        "content": "Scrolling does not affect elements with either fixed or absolute positioning.",
        "content_type": "MARKDOWN",
        "is_correct": false,
        "multimedia": []
      },
      {
        "content": "Both fixed and absolute positioned elements move with their parent element upon scrolling.",
        "content_type": "MARKDOWN",
        "is_correct": false,
        "multimedia": []
      }
    ],
    "explanation_for_answer": {
      "content": "Fixed positioned elements are fixed to the viewport and do not move when the user scrolls. In contrast, absolutely positioned elements move with their positioned ancestor when the user scrolls.",
      "content_type": "MARKDOWN"
    }
  },
  {
    "question_id": "7e07d500-9890-4d94-99e0-14348d0f24d0",
    "question_key": "fixed_vs_absolute_v1_v2",
    "skills": [],
    "toughness": "EASY",
    "question_type": "MULTIPLE_CHOICE",
    "question": {
      "content": "Select the true statement regarding the behavior of fixed and absolute positioned elements on page scroll.",
      "content_type": "MARKDOWN",
      "tag_names": [
        "Fixed vs Absolute Positioning",
        "fixed_vs_absolute_v1",
        "ANALYZE",
        "CSS Positioning",
        "understanding_fixed_vs_absolute"
      ],
      "multimedia": []
    },
    "options": [
      {
        "content": "Both fixed and absolute positioned elements are unaffected by page scrolling.",
        "content_type": "MARKDOWN",
        "is_correct": false,
        "multimedia": []
      },
      {
        "content": "Fixed positioned elements remain stationary, while absolute positioned elements move with the scroll.",
        "content_type": "MARKDOWN",
        "is_correct": true,
        "multimedia": []
      },
      {
        "content": "Absolute positioned elements remain stationary, while fixed positioned elements move with the scroll.",
        "content_type": "MARKDOWN",
        "is_correct": false,
        "multimedia": []
      },
      {
        "content": "None of the given options.",
        "content_type": "MARKDOWN",
        "is_correct": false,
        "multimedia": []
      }
    ],
    "explanation_for_answer": {
      "content": "When a user scrolls a page, fixed positioned elements stay in the same place relative to the viewport, whereas absolute positioned elements move along with their closest positioned ancestor.",
      "content_type": "MARKDOWN"
    }
  },
  {
    "question_id": "8068c6d5-c91a-4fe0-ba55-31f2d5f0b044",
    "question_key": "fixed_vs_absolute_v1_v3",
    "skills": [],
    "toughness": "EASY",
    "question_type": "MULTIPLE_CHOICE",
    "question": {
      "content": "Fixed positioned elements move with the page scroll, while absolute positioned elements stay fixed in the same spot.",
      "content_type": "MARKDOWN",
      "tag_names": [
        "Fixed vs Absolute Positioning",
        "fixed_vs_absolute_v1",
        "ANALYZE",
        "CSS Positioning",
        "understanding_fixed_vs_absolute"
      ],
      "multimedia": []
    },
    "options": [
      {
        "content": "True",
        "content_type": "MARKDOWN",
        "is_correct": false,
        "multimedia": []
      },
      {
        "content": "False",
        "content_type": "MARKDOWN",
        "is_correct": true,
        "multimedia": []
      }
    ],
    "explanation_for_answer": {
      "content": "The statement is false. Fixed positioned elements stay fixed to the viewport and do not move when scrolling, whereas absolute positioned elements move with their positioned ancestor during scrolling.",
      "content_type": "MARKDOWN"
    }
  },
  {
    "question_id": "58a56854-2267-476e-818f-7ad54b322386",
    "question_key": "fixed_vs_absolute_v1_v4",
    "skills": [],
    "toughness": "EASY",
    "question_type": "MULTIPLE_CHOICE",
    "question": {
      "content": "Which of the following statements correctly describes the behavior of fixed and absolute positioned elements during page scrolling?",
      "content_type": "MARKDOWN",
      "tag_names": [
        "Fixed vs Absolute Positioning",
        "fixed_vs_absolute_v1",
        "ANALYZE",
        "CSS Positioning",
        "understanding_fixed_vs_absolute"
      ],
      "multimedia": []
    },
    "options": [
      {
        "content": "Fixed elements scroll with the page, and absolute elements do not scroll.",
        "content_type": "MARKDOWN",
        "is_correct": false,
        "multimedia": []
      },
      {
        "content": "Both fixed and absolute elements scroll with the page.",
        "content_type": "MARKDOWN",
        "is_correct": false,
        "multimedia": []
      },
      {
        "content": "Fixed elements do not scroll with the page, but absolute elements do.",
        "content_type": "MARKDOWN",
        "is_correct": true,
        "multimedia": []
      },
      {
        "content": "Both fixed and absolute elements do not scroll with the page.",
        "content_type": "MARKDOWN",
        "is_correct": false,
        "multimedia": []
      }
    ],
    "explanation_for_answer": {
      "content": "Fixed positioned elements remain in the same place relative to the viewport and do not move when the user scrolls. On the other hand, absolutely positioned elements move with their positioned ancestor when the user scrolls.",
      "content_type": "MARKDOWN"
    }
  },
  {
    "question_id": "a79fa609-32f7-4104-8887-3e66ab5b6314",
    "question_key": "fixed_vs_absolute_v1_v5",
    "skills": [],
    "toughness": "EASY",
    "question_type": "MULTIPLE_CHOICE",
    "question": {
      "content": "When a user scrolls through a webpage, which positioning type will cause an element to remain in place and which will cause it to move with the scroll?",
      "content_type": "MARKDOWN",
      "tag_names": [
        "Fixed vs Absolute Positioning",
        "fixed_vs_absolute_v1",
        "ANALYZE",
        "CSS Positioning",
        "understanding_fixed_vs_absolute"
      ],
      "multimedia": []
    },
    "options": [
      {
        "content": "Fixed positioning remains in place; absolute positioning moves with the scroll.",
        "content_type": "MARKDOWN",
        "is_correct": true,
        "multimedia": []
      },
      {
        "content": "Absolute positioning remains in place; fixed positioning moves with the scroll.",
        "content_type": "MARKDOWN",
        "is_correct": false,
        "multimedia": []
      },
      {
        "content": "Both fixed and absolute positioning remain in place.",
        "content_type": "MARKDOWN",
        "is_correct": false,
        "multimedia": []
      },
      {
        "content": "Both fixed and absolute positioning move with the scroll.",
        "content_type": "MARKDOWN",
        "is_correct": false,
        "multimedia": []
      }
    ],
    "explanation_for_answer": {
      "content": "Fixed positioning keeps an element stationary relative to the viewport, regardless of scrolling. Absolute positioning allows an element to move with the scroll, as it is positioned relative to its nearest positioned ancestor.",
      "content_type": "MARKDOWN"
    }
  },
  {
    "question_id": "d0641de1-bd63-49d5-8e29-bfb30434dcbc",
    "question_key": "z_index_values_v1",
    "skills": [],
    "toughness": "EASY",
    "question_type": "MULTIPLE_CHOICE",
    "question": {
      "content": "How does z-index affect the stacking order of positioned elements with different values?",
      "content_type": "MARKDOWN",
      "tag_names": [
        "UNDERSTAND",
        "z_index_values_v1",
        "CSS Positioning",
        "Z-Index",
        "understanding_z_index_integers"
      ],
      "multimedia": []
    },
    "options": [
      {
        "content": "Elements with higher z-index values appear on top of elements with lower values",
        "content_type": "MARKDOWN",
        "is_correct": true,
        "multimedia": []
      },
      {
        "content": "None of the given options.",
        "content_type": "MARKDOWN",
        "is_correct": false,
        "multimedia": []
      },
      {
        "content": "Elements with lower z-index values appear on top of elements with higher values",
        "content_type": "MARKDOWN",
        "is_correct": false,
        "multimedia": []
      },
      {
        "content": "The last element in HTML always appears on top regardless of z-index",
        "content_type": "MARKDOWN",
        "is_correct": false,
        "multimedia": []
      }
    ],
    "explanation_for_answer": {
      "content": "Z-index determines the vertical stacking order of overlapping elements. Elements with higher z-index values will appear on top of elements with lower values, with positive integers appearing above auto, and negative integers appearing below.",
      "content_type": "MARKDOWN"
    }
  },
  {
    "question_id": "1fd157d9-8593-490b-8cef-51e1f9b16598",
    "question_key": "z_index_values_v1_v1",
    "skills": [],
    "toughness": "EASY",
    "question_type": "MULTIPLE_CHOICE",
    "question": {
      "content": "Which statement accurately describes the effect of the z-index property in CSS?",
      "content_type": "MARKDOWN",
      "tag_names": [
        "UNDERSTAND",
        "z_index_values_v1",
        "CSS Positioning",
        "Z-Index",
        "understanding_z_index_integers"
      ],
      "multimedia": []
    },
    "options": [
      {
        "content": "A higher z-index value means the element will be positioned behind elements with lower z-index values.",
        "content_type": "MARKDOWN",
        "is_correct": false,
        "multimedia": []
      },
      {
        "content": "The z-index property does not affect elements with a position value of static.",
        "content_type": "MARKDOWN",
        "is_correct": true,
        "multimedia": []
      },
      {
        "content": "Elements with a z-index value of auto are always on top of elements with a numerical z-index value.",
        "content_type": "MARKDOWN",
        "is_correct": false,
        "multimedia": []
      },
      {
        "content": "The stacking order of elements is not influenced by their z-index values.",
        "content_type": "MARKDOWN",
        "is_correct": false,
        "multimedia": []
      }
    ],
    "explanation_for_answer": {
      "content": "The z-index property in CSS affects the stacking order of positioned elements. Elements with a higher z-index value will appear on top of elements with lower values. The z-index property does not affect elements with a position value of static, which is the default positioning.",
      "content_type": "MARKDOWN"
    }
  },
  {
    "question_id": "b1de2be1-3a9d-4924-83e2-6990223d7bf4",
    "question_key": "z_index_values_v1_v2",
    "skills": [],
    "toughness": "EASY",
    "question_type": "MULTIPLE_CHOICE",
    "question": {
      "content": "An element with a z-index value of 'auto' will always be displayed above an element with a `z-index` value of `0`.",
      "content_type": "MARKDOWN",
      "tag_names": [
        "UNDERSTAND",
        "z_index_values_v1",
        "CSS Positioning",
        "Z-Index",
        "understanding_z_index_integers"
      ],
      "multimedia": []
    },
    "options": [
      {
        "content": "True",
        "content_type": "MARKDOWN",
        "is_correct": false,
        "multimedia": []
      },
      {
        "content": "False",
        "content_type": "MARKDOWN",
        "is_correct": true,
        "multimedia": []
      }
    ],
    "explanation_for_answer": {
      "content": "The z-index property specifies the stack order of an element. An element with a z-index value of 'auto' does not necessarily stack above an element with a z-index value of '0'. The stacking order also depends on the order of elements in the HTML and their parent elements' stacking context.",
      "content_type": "MARKDOWN"
    }
  },
  {
    "question_id": "cee5f9a9-ffaa-48a3-a3e1-9be561e55f45",
    "question_key": "z_index_values_v1_v3",
    "skills": [],
    "toughness": "EASY",
    "question_type": "MULTIPLE_CHOICE",
    "question": {
      "content": "Which of the following statements about the `z-index` property in CSS are true?",
      "content_type": "MARKDOWN",
      "tag_names": [
        "UNDERSTAND",
        "z_index_values_v1",
        "CSS Positioning",
        "Z-Index",
        "understanding_z_index_integers"
      ],
      "multimedia": []
    },
    "options": [
      {
        "content": "Elements with higher z-index values stack below those with lower values.",
        "content_type": "MARKDOWN",
        "is_correct": false,
        "multimedia": []
      },
      {
        "content": "Elements with a z-index value of 'auto' stack above those with any numerical value.",
        "content_type": "MARKDOWN",
        "is_correct": false,
        "multimedia": []
      },
      {
        "content": "Z-index values affect the vertical stacking order of elements",
        "content_type": "MARKDOWN",
        "is_correct": true,
        "multimedia": []
      },
      {
        "content": "All the given options are true.",
        "content_type": "MARKDOWN",
        "is_correct": false,
        "multimedia": []
      }
    ],
    "explanation_for_answer": {
      "content": "The z-index property affects the stacking order of elements within the same stacking context. Elements with higher z-index values appear on top of those with lower values. The z-index value of 'auto' does not guarantee that an element will stack above those with numerical values.",
      "content_type": "MARKDOWN"
    }
  },
  {
    "question_id": "75838a3f-c819-470e-9f72-14354fd7b819",
    "question_key": "z_index_values_v1_v4",
    "skills": [],
    "toughness": "EASY",
    "question_type": "MULTIPLE_CHOICE",
    "question": {
      "content": "In CSS, the z-index property determines the stacking order of elements. Which of the following options correctly describe this behavior?",
      "content_type": "MARKDOWN",
      "tag_names": [
        "UNDERSTAND",
        "z_index_values_v1",
        "CSS Positioning",
        "Z-Index",
        "understanding_z_index_integers"
      ],
      "multimedia": []
    },
    "options": [
      {
        "content": "Elements with a lower z-index value appear above those with a higher value.",
        "content_type": "MARKDOWN",
        "is_correct": false,
        "multimedia": []
      },
      {
        "content": "Elements with a z-index value of 'auto' are always at the bottom of the stacking order.",
        "content_type": "MARKDOWN",
        "is_correct": false,
        "multimedia": []
      },
      {
        "content": "Elements with a higher z-index value appear above those with a lower value.",
        "content_type": "MARKDOWN",
        "is_correct": true,
        "multimedia": []
      },
      {
        "content": "The stacking order is not affected by z-index values.",
        "content_type": "MARKDOWN",
        "is_correct": false,
        "multimedia": []
      }
    ],
    "explanation_for_answer": {
      "content": "The z-index property in CSS determines the stacking order of positioned elements. Elements with higher z-index values appear above those with lower values. The z-index value of 'auto' does not place elements at the bottom of the stacking order by default, and the stacking order is indeed affected by z-index values.",
      "content_type": "MARKDOWN"
    }
  },
  {
    "question_id": "de125f7b-178c-44f4-a52e-acc501d636ca",
    "question_key": "z_index_values_v1_v5",
    "skills": [],
    "toughness": "EASY",
    "question_type": "MULTIPLE_CHOICE",
    "question": {
      "content": "In the context of CSS positioning, what does the z-index property control?",
      "content_type": "MARKDOWN",
      "tag_names": [
        "UNDERSTAND",
        "z_index_values_v1",
        "CSS Positioning",
        "Z-Index",
        "understanding_z_index_integers"
      ],
      "multimedia": []
    },
    "options": [
      {
        "content": "The horizontal alignment of elements",
        "content_type": "MARKDOWN",
        "is_correct": false,
        "multimedia": []
      },
      {
        "content": "The vertical stacking order of elements",
        "content_type": "MARKDOWN",
        "is_correct": true,
        "multimedia": []
      },
      {
        "content": "None of the given options.",
        "content_type": "MARKDOWN",
        "is_correct": false,
        "multimedia": []
      },
      {
        "content": "The rotation angle of elements",
        "content_type": "MARKDOWN",
        "is_correct": false,
        "multimedia": []
      }
    ],
    "explanation_for_answer": {
      "content": "The z-index property in CSS controls the vertical stacking order of elements that overlap each other. It does not control horizontal alignment, opacity, or rotation of elements.",
      "content_type": "MARKDOWN"
    }
  },
  {
    "question_id": "5a9e2a69-18a7-41cb-a1b3-5c11a14bdf5a",
    "question_key": "NA",
    "skills": [],
    "toughness": "EASY",
    "question_type": "MULTIPLE_CHOICE",
    "question": {
      "content": "What is the default value of the z-index property for positioned elements?",
      "content_type": "MARKDOWN",
      "tag_names": [
        "z-index",
        "REMEMBER",
        "CSS Positioning",
        "understanding_z-index_auto"
      ],
      "multimedia": []
    },
    "options": [
      {
        "content": "auto",
        "content_type": "MARKDOWN",
        "is_correct": true,
        "multimedia": []
      },
      {
        "content": "0",
        "content_type": "MARKDOWN",
        "is_correct": false,
        "multimedia": []
      },
      {
        "content": "1",
        "content_type": "MARKDOWN",
        "is_correct": false,
        "multimedia": []
      },
      {
        "content": "-1",
        "content_type": "MARKDOWN",
        "is_correct": false,
        "multimedia": []
      }
    ],
    "explanation_for_answer": {
      "content": "The default value of the z-index property for positioned elements is auto. The auto value means that the element's stack order is determined by its position in the HTML document, with later elements appearing on top of earlier ones.",
      "content_type": "MARKDOWN"
    }
  },
  {
    "question_id": "36cf1e86-d8fd-4bfe-86b0-55a74f4d4f02",
    "question_key": "understanding_z-index_auto_v1_v1",
    "skills": [],
    "toughness": "EASY",
    "question_type": "MULTIPLE_CHOICE",
    "question": {
      "content": "Which of the following is the initial value of the z-index property in CSS for any element that is positioned?",
      "content_type": "MARKDOWN",
      "tag_names": [
        "z-index",
        "CSS Positioning",
        "understanding_z-index_auto_v1",
        "understanding_z-index_auto",
        "REMEMBER"
      ],
      "multimedia": []
    },
    "options": [
      {
        "content": "static",
        "content_type": "MARKDOWN",
        "is_correct": false,
        "multimedia": []
      },
      {
        "content": "auto",
        "content_type": "MARKDOWN",
        "is_correct": true,
        "multimedia": []
      },
      {
        "content": "100",
        "content_type": "MARKDOWN",
        "is_correct": false,
        "multimedia": []
      },
      {
        "content": "inherit",
        "content_type": "MARKDOWN",
        "is_correct": false,
        "multimedia": []
      }
    ],
    "explanation_for_answer": {
      "content": "The initial or default value of the z-index property for positioned elements is 'auto', which means the stacking order is based on the element's position in the HTML document.",
      "content_type": "MARKDOWN"
    }
  },
  {
    "question_id": "b7091c28-3f98-4aa0-8697-47ab24f76308",
    "question_key": "understanding_z-index_auto_v1_v2",
    "skills": [],
    "toughness": "EASY",
    "question_type": "MULTIPLE_CHOICE",
    "question": {
      "content": "In CSS, the stacking order of positioned elements is by default determined by their order in the HTML document. This default behavior is due to which z-index value?",
      "content_type": "MARKDOWN",
      "tag_names": [
        "z-index",
        "CSS Positioning",
        "understanding_z-index_auto_v1",
        "understanding_z-index_auto",
        "REMEMBER"
      ],
      "multimedia": []
    },
    "options": [
      {
        "content": "0",
        "content_type": "MARKDOWN",
        "is_correct": false,
        "multimedia": []
      },
      {
        "content": "1",
        "content_type": "MARKDOWN",
        "is_correct": false,
        "multimedia": []
      },
      {
        "content": "auto",
        "content_type": "MARKDOWN",
        "is_correct": true,
        "multimedia": []
      },
      {
        "content": "none",
        "content_type": "MARKDOWN",
        "is_correct": false,
        "multimedia": []
      }
    ],
    "explanation_for_answer": {
      "content": "Positioned elements have a default z-index value of 'auto', which means their stacking order is determined by their order in the HTML document, with elements later in the code appearing on top of those that are earlier.",
      "content_type": "MARKDOWN"
    }
  },
  {
    "question_id": "985c7c2e-b30c-463f-b8ba-ea845227d40d",
    "question_key": "understanding_z-index_auto_v1_v3",
    "skills": [],
    "toughness": "EASY",
    "question_type": "MULTIPLE_CHOICE",
    "question": {
      "content": "The default z-index value for elements that are not statically positioned is '0'.",
      "content_type": "MARKDOWN",
      "tag_names": [
        "z-index",
        "CSS Positioning",
        "understanding_z-index_auto_v1",
        "understanding_z-index_auto",
        "REMEMBER"
      ],
      "multimedia": []
    },
    "options": [
      {
        "content": "True",
        "content_type": "MARKDOWN",
        "is_correct": false,
        "multimedia": []
      },
      {
        "content": "False",
        "content_type": "MARKDOWN",
        "is_correct": true,
        "multimedia": []
      }
    ],
    "explanation_for_answer": {
      "content": "The statement is false. The default z-index value for positioned elements is 'auto', not '0'. The 'auto' value means the stack order is based on the element's position in the HTML document.",
      "content_type": "MARKDOWN"
    }
  },
  {
    "question_id": "ade754f2-7651-4420-885a-ce9ff6a91b62",
    "question_key": "understanding_z-index_auto_v1_v4",
    "skills": [],
    "toughness": "EASY",
    "question_type": "MULTIPLE_CHOICE",
    "question": {
      "content": "Select the correct statement about the default z-index value for positioned elements in CSS.",
      "content_type": "MARKDOWN",
      "tag_names": [
        "z-index",
        "CSS Positioning",
        "understanding_z-index_auto_v1",
        "understanding_z-index_auto",
        "REMEMBER"
      ],
      "multimedia": []
    },
    "options": [
      {
        "content": "The default z-index value is '0', placing the element based on its position in the HTML document.",
        "content_type": "MARKDOWN",
        "is_correct": false,
        "multimedia": []
      },
      {
        "content": "The default z-index value is 'auto', placing the element based on its position in the HTML document.",
        "content_type": "MARKDOWN",
        "is_correct": true,
        "multimedia": []
      },
      {
        "content": "The default z-index value is '1', placing the element above all other elements.",
        "content_type": "MARKDOWN",
        "is_correct": false,
        "multimedia": []
      },
      {
        "content": "The default z-index value is '-1', placing the element below all other elements.",
        "content_type": "MARKDOWN",
        "is_correct": false,
        "multimedia": []
      }
    ],
    "explanation_for_answer": {
      "content": "The correct statement is that the default z-index value for positioned elements is 'auto', which places the element based on its position in the HTML document, with later elements appearing on top of earlier ones.",
      "content_type": "MARKDOWN"
    }
  },
  {
    "question_id": "6b70c20d-4f42-4717-b150-72280d1298d5",
    "question_key": "understanding_z-index_auto_v1_v5",
    "skills": [],
    "toughness": "EASY",
    "question_type": "MULTIPLE_CHOICE",
    "question": {
      "content": "If an element's position is set to anything other than `static`, what is the default z-index value applied to it?",
      "content_type": "MARKDOWN",
      "tag_names": [
        "z-index",
        "CSS Positioning",
        "understanding_z-index_auto_v1",
        "understanding_z-index_auto",
        "REMEMBER"
      ],
      "multimedia": []
    },
    "options": [
      {
        "content": "auto",
        "content_type": "MARKDOWN",
        "is_correct": true,
        "multimedia": []
      },
      {
        "content": "3",
        "content_type": "MARKDOWN",
        "is_correct": false,
        "multimedia": []
      },
      {
        "content": "1",
        "content_type": "MARKDOWN",
        "is_correct": false,
        "multimedia": []
      },
      {
        "content": "None of the given options",
        "content_type": "MARKDOWN",
        "is_correct": false,
        "multimedia": []
      }
    ],
    "explanation_for_answer": {
      "content": "The default z-index value for elements with a position property set to anything other than 'static' is 'auto'. This means the stacking order of the element is determined by its position in the HTML document.",
      "content_type": "MARKDOWN"
    }
  },
  {
    "question_id": "f63b9aa8-e45c-436c-a02d-a18bb8ff524a",
    "question_key": "understanding_z-index_auto_v1_v6",
    "skills": [],
    "toughness": "EASY",
    "question_type": "MULTIPLE_CHOICE",
    "question": {
      "content": "What z-index value is assigned by default to an element that is positioned using CSS properties other than 'static'?",
      "content_type": "MARKDOWN",
      "tag_names": [
        "z-index",
        "CSS Positioning",
        "understanding_z-index_auto_v1",
        "understanding_z-index_auto",
        "REMEMBER"
      ],
      "multimedia": []
    },
    "options": [
      {
        "content": "auto",
        "content_type": "MARKDOWN",
        "is_correct": true,
        "multimedia": []
      },
      {
        "content": "initial",
        "content_type": "MARKDOWN",
        "is_correct": false,
        "multimedia": []
      },
      {
        "content": "0",
        "content_type": "MARKDOWN",
        "is_correct": false,
        "multimedia": []
      },
      {
        "content": "none",
        "content_type": "MARKDOWN",
        "is_correct": false,
        "multimedia": []
      }
    ],
    "explanation_for_answer": {
      "content": "The default z-index value for elements that are positioned (not static) is 'auto'. This default setting allows the stacking order of the elements to be determined by their order in the HTML document.",
      "content_type": "MARKDOWN"
    }
  }
]